datetime,Date,Time,Open,High,low,Close,Volume
2018-09-03,20180903,0,61.819,61.819,61.228,61.464,1082712
2018-09-04,20180904,0,61.346,61.74,60.834,61.74,1182000
2018-09-05,20180905,0,61.306,61.464,59.77,59.927,3534180
2018-09-06,20180906,0,59.849,59.967,59.336,59.691,2914812
2018-09-07,20180907,0,59.573,59.967,58.233,59.927,4266626
2018-09-10,20180910,0,59.494,59.573,58.667,59.218,2442406
2018-09-11,20180911,0,58.982,60.203,58.588,60.124,3185490
2018-09-12,20180912,0,59.533,60.637,59.258,60.597,2967214
2018-09-13,20180913,0,60.912,61.267,60.44,60.794,3376186
2018-09-14,20180914,0,61.031,61.07,60.282,60.518,4399798
2018-09-17,20180917,0,60.124,60.282,59.455,59.652,3585794
2018-09-18,20180918,0,60.321,60.321,59.494,60.164,2481018
2018-09-19,20180919,0,59.888,60.243,59.77,60.046,1880562
2018-09-20,20180920,0,60.243,60.243,59.258,59.77,2902204
2018-09-21,20180921,0,59.494,59.652,58.233,58.47,5889512
2018-09-24,20180924,0,57.957,58.864,57.918,58.194,2175668
2018-09-26,20180926,0,59.258,60.321,58.706,60.282,4463626
2018-09-27,20180927,0,60.361,60.518,59.73,60.361,2167394
2018-09-28,20180928,0,60.597,60.834,60.321,60.558,2493232
2018-10-02,20181002,0,60.715,60.873,58.706,58.706,2745786
2018-10-03,20181003,0,60.243,60.243,58.706,59.021,2257620
2018-10-04,20181004,0,58.509,58.667,57.524,57.603,4371036
2018-10-05,20181005,0,57.288,57.288,55.948,55.948,4733516
2018-10-08,20181008,0,55.909,56.263,54.845,55.002,3590128
2018-10-09,20181009,0,55.16,56.184,55.042,55.436,3644106
2018-10-10,20181010,0,56.815,57.918,56.342,57.288,5135790
2018-10-11,20181011,0,55.79,56.657,55.16,56.381,5714182
2018-10-12,20181012,0,55.83,56.972,55.83,56.815,4635804
2018-10-15,20181015,0,56.539,56.894,56.106,56.775,2453044
2018-10-16,20181016,0,57.012,57.012,56.224,56.5,3089748
2018-10-18,20181018,0,57.13,58.194,56.736,58.154,3085808
2018-10-19,20181019,0,57.406,58.47,57.169,57.682,3015676
2018-10-22,20181022,0,57.721,58.233,57.288,58.115,3196522
2018-10-23,20181023,0,57.997,58.154,56.894,56.972,2905750
2018-10-24,20181024,0,57.13,57.8,56.894,57.524,2284018
2018-10-25,20181025,0,56.736,57.209,56.027,56.933,3343484
2018-10-26,20181026,0,56.775,57.445,56.342,57.445,2066136
2018-10-29,20181029,0,57.524,57.879,56.933,57.721,2636254
2018-10-30,20181030,0,57.603,57.721,56.736,56.894,2823798
2018-10-31,20181031,0,57.366,57.366,54.845,55.081,6131428
2018-11-01,20181101,0,55.357,55.987,55.002,55.751,3440408
2018-11-02,20181102,0,55.909,57.051,55.475,56.972,3231588
2018-11-05,20181105,0,56.342,56.539,55.672,55.948,1914052
2018-11-06,20181106,0,56.263,56.894,55.79,56.657,1253708
2018-11-07,20181107,0,56.697,57.209,56.224,57.169,1959756
2018-11-08,20181108,0,57.603,57.642,56.894,57.091,1323446
2018-11-09,20181109,0,57.13,57.13,56.184,56.578,2359272
2018-11-12,20181112,0,56.933,57.603,56.184,57.012,1707202
2018-11-13,20181113,0,56.578,57.13,56.342,57.012,1966060
2018-11-14,20181114,0,57.209,57.997,56.618,57.839,3180762
2018-11-15,20181115,0,58.43,58.509,57.918,58.47,4016830
2018-11-16,20181116,0,57.879,58.076,57.485,57.918,2551150
2018-11-19,20181119,0,57.603,58.115,57.406,57.918,1731236
2018-11-20,20181120,0,57.721,57.721,57.248,57.485,1484198
2018-11-21,20181121,0,57.13,58.076,56.736,58.036,1439676
2018-11-22,20181122,0,58.351,59.021,58.312,58.706,2501900
2018-11-23,20181123,0,59.021,59.021,58.47,58.47,1962908
2018-11-26,20181126,0,58.785,59.691,58.548,59.494,3150818
2018-11-27,20181127,0,58.827,59.148,58.386,58.466,3491908
2018-11-28,20181128,0,58.907,59.909,58.586,59.829,2947751
2018-11-29,20181129,0,60.27,60.952,60.27,60.511,3691205
2018-11-30,20181130,0,60.471,60.551,59.789,59.99,2178633
2018-12-03,20181203,0,60.671,61.072,60.431,60.591,3618624
2018-12-04,20181204,0,60.912,61.353,60.511,61.353,2720785
2018-12-05,20181205,0,61.594,61.674,60.591,61.674,3165895
2018-12-06,20181206,0,61.112,61.874,60.711,61.794,3271759
2018-12-07,20181207,0,63.799,63.799,62.396,63.559,6367479
2018-12-10,20181210,0,63.238,63.318,61.313,61.513,4040075
2018-12-11,20181211,0,61.473,62.356,61.273,61.794,2211114
2018-12-12,20181212,0,62.315,63.117,61.834,62.356,2825045
2018-12-13,20181213,0,63.719,63.919,62.757,63.238,4155162
2018-12-14,20181214,0,62.797,63.358,62.636,63.198,3007099
2018-12-17,20181217,0,63.518,63.599,62.997,63.398,2221139
2018-12-18,20181218,0,62.797,63.679,62.797,63.518,3820728
2018-12-19,20181219,0,63.358,63.599,62.957,63.037,1954073
2018-12-20,20181220,0,62.797,63.318,61.794,62.837,2326602
2018-12-21,20181221,0,62.556,63.278,62.235,62.716,1957682
2018-12-24,20181224,0,62.155,63.117,61.794,63.037,1578737
2018-12-27,20181227,0,63.438,64.12,62.957,63.318,3520379
2018-12-28,20181228,0,63.117,63.518,62.757,63.117,1855026
2018-12-31,20181231,0,63.278,63.759,62.997,63.759,1070269
2019-01-02,20190102,0,63.679,63.679,62.235,62.556,2573618
2019-01-03,20190103,0,62.917,63.198,62.596,62.716,2537127
2019-01-04,20190104,0,62.476,64.962,62.436,64.761,4289898
2019-01-07,20190107,0,65.684,65.684,64.481,65.163,2755271
2019-01-08,20190108,0,65.163,65.724,64.16,64.28,3550855
2019-01-09,20190109,0,65.203,65.443,63.96,64.16,4807990
2019-01-10,20190110,0,64.04,64.481,63.358,63.478,3690804
2019-01-11,20190111,0,63.799,64.24,63.438,63.879,2890007
2019-01-14,20190114,0,64.16,64.16,63.799,63.839,1671368
2019-01-15,20190115,0,64.16,65.042,64.08,64.361,2901636
2019-01-16,20190116,0,64.361,64.361,63.839,64.0,2908453
2019-01-17,20190117,0,64.481,64.601,63.599,63.679,2588054
2019-01-18,20190118,0,64.361,64.361,63.278,63.559,2190262
2019-01-21,20190121,0,63.599,63.759,62.997,63.318,2430862
2019-01-22,20190122,0,63.438,64.24,63.318,64.2,2045501
2019-01-23,20190123,0,64.521,65.924,64.441,64.962,4076566
2019-01-24,20190124,0,66.887,66.927,65.403,65.403,3168702
2019-01-25,20190125,0,66.085,66.566,65.403,66.526,3116171
2019-01-28,20190128,0,67.288,68.09,66.847,67.609,4062531
2019-01-29,20190129,0,67.288,68.491,66.887,68.411,3902933
2019-01-30,20190130,0,68.451,68.651,67.889,68.13,3999975
2019-01-31,20190131,0,68.932,69.654,68.571,68.812,3514364
2019-02-01,20190201,0,69.373,69.533,67.729,68.17,2936122
2019-02-04,20190204,0,68.05,69.413,68.05,69.052,2188257
2019-02-08,20190208,0,68.892,69.774,68.571,69.614,2815020
2019-02-11,20190211,0,69.172,69.654,68.972,69.373,2533919
2019-02-12,20190212,0,68.651,69.533,68.571,69.253,2977425
2019-02-13,20190213,0,69.413,69.574,68.772,68.972,3649501
2019-02-14,20190214,0,69.012,69.774,68.972,69.413,2968202
2019-02-15,20190215,0,69.132,69.574,68.772,69.253,2128107
2019-02-18,20190218,0,69.614,70.175,69.493,69.774,2468957
2019-02-19,20190219,0,70.616,71.298,70.175,71.137,2964994
2019-02-20,20190220,0,71.378,72.14,71.218,71.98,3226847
2019-02-21,20190221,0,71.899,72.22,71.418,71.899,4049699
2019-02-22,20190222,0,71.498,72.501,71.418,71.579,3085294
2019-02-25,20190225,0,71.779,71.859,70.977,70.977,2480586
2019-02-26,20190226,0,71.378,71.498,70.696,70.977,1934825
2019-02-27,20190227,0,70.736,71.739,70.616,71.338,2545949
2019-02-28,20190228,0,71.498,72.782,71.178,71.178,2832664
2019-03-01,20190301,0,71.218,72.501,71.218,72.18,2591262
2019-03-04,20190304,0,73.062,73.463,71.819,72.18,3089705
2019-03-05,20190305,0,72.18,72.661,71.779,72.02,2535523
2019-03-06,20190306,0,72.3,72.34,71.538,71.98,2591262
2019-03-07,20190307,0,71.579,72.18,71.378,71.699,2015426
2019-03-08,20190308,0,70.897,70.897,69.854,70.376,5587935
2019-03-11,20190311,0,69.934,70.736,69.854,70.536,2228357
2019-03-12,20190312,0,71.218,71.458,70.696,71.418,2110062
2019-03-13,20190313,0,70.736,71.178,70.416,70.616,2380336
2019-03-14,20190314,0,70.576,71.338,69.894,69.934,3145444
2019-03-15,20190315,0,69.975,70.456,69.774,69.774,3843986
2019-03-18,20190318,0,69.574,70.095,69.373,70.055,3799475
2019-03-19,20190319,0,70.015,70.977,70.015,70.576,2296126
2019-03-20,20190320,0,70.335,70.376,69.774,69.934,3005094
2019-03-21,20190321,0,70.175,70.335,69.654,69.814,2681888
2019-03-22,20190322,0,70.496,70.977,70.215,70.416,2956573
2019-03-25,20190325,0,70.656,70.897,69.774,70.776,2503443
2019-03-26,20190326,0,71.378,71.378,70.656,70.776,1961291
2019-03-27,20190327,0,71.298,71.378,70.616,70.776,1680591
2019-03-28,20190328,0,71.057,73.263,70.736,73.062,3692007
2019-03-29,20190329,0,73.784,73.985,72.822,73.824,2883992
2019-04-01,20190401,0,74.506,74.546,73.624,74.065,2638580
2019-04-02,20190402,0,75.228,75.308,73.784,73.985,2910859
2019-04-03,20190403,0,74.185,74.947,74.185,74.666,2269259
2019-04-04,20190404,0,74.105,74.305,73.503,74.185,2420035
2019-04-08,20190408,0,74.025,74.145,73.383,73.864,2148558
2019-04-09,20190409,0,73.463,74.947,73.463,74.746,2068759
2019-04-10,20190410,0,74.345,74.987,74.185,74.666,1715077
2019-04-11,20190411,0,74.987,74.987,73.503,73.503,1835778
2019-04-12,20190412,0,73.864,74.546,73.543,73.824,1323300
2019-04-15,20190415,0,73.343,74.065,73.102,73.263,1554677
2019-04-16,20190416,0,72.661,73.584,72.34,73.263,2439684
2019-04-17,20190417,0,72.822,73.062,72.661,72.782,1604401
2019-04-18,20190418,0,73.423,73.784,72.581,72.902,1539439
2019-04-23,20190423,0,72.421,73.303,72.421,72.621,2771712
2019-04-24,20190424,0,72.902,73.624,72.26,72.3,2458130
2019-04-25,20190425,0,72.661,73.864,72.661,73.303,2466551
2019-04-26,20190426,0,73.383,74.305,73.263,74.145,1772821
2019-04-29,20190429,0,74.586,75.348,74.305,75.147,2371915
2019-04-30,20190430,0,75.147,75.228,73.423,73.503,2881185
2019-05-02,20190502,0,74.105,76.27,74.105,76.03,4663630
2019-05-03,20190503,0,76.19,77.193,75.589,76.992,2774920
2019-05-06,20190506,0,76.671,77.273,75.99,76.391,3876066
2019-05-07,20190507,0,76.31,76.832,75.589,76.07,2049912
2019-05-08,20190508,0,75.669,76.19,75.228,75.348,2779732
2019-05-09,20190509,0,74.827,75.548,74.025,74.225,2319384
2019-05-10,20190510,0,73.784,75.388,73.784,74.746,3247298
2019-05-14,20190514,0,75.228,77.634,74.546,77.594,6114448
2019-05-15,20190515,0,77.112,77.553,76.391,76.431,2568405
2019-05-16,20190516,0,76.551,77.634,76.19,77.273,2597678
2019-05-17,20190517,0,77.152,77.273,76.03,76.391,1980940
2019-05-20,20190520,0,76.872,78.275,76.35,78.115,3748548
2019-05-21,20190521,0,77.834,78.877,77.754,78.075,2920483
2019-05-22,20190522,0,78.195,78.195,77.072,77.914,2065551
2019-05-23,20190523,0,77.954,78.355,77.273,77.954,2746850
2019-05-24,20190524,0,78.476,78.596,77.433,77.914,1871868
2019-05-27,20190527,0,78.075,78.275,77.513,77.874,1219040
2019-05-28,20190528,0,77.674,77.914,77.072,77.193,2317780
2019-05-29,20190529,0,77.473,78.035,77.072,77.594,3012312
2019-05-30,20190530,0,78.275,78.315,76.07,76.23,3764989
2019-05-31,20190531,0,76.27,76.511,74.787,75.147,3951454
2019-06-03,20190603,0,75.067,76.912,74.987,76.832,3381232
2019-06-04,20190604,0,77.072,77.152,75.909,76.751,3521582
2019-06-05,20190605,0,77.273,77.313,76.23,76.551,2059937
2019-06-06,20190606,0,76.791,78.035,76.27,77.954,3029555
2019-06-10,20190610,0,77.914,78.997,77.553,78.837,2961786
2019-06-11,20190611,0,78.997,79.679,78.797,79.639,2588455
2019-06-12,20190612,0,78.877,78.957,76.832,77.233,4119072
2019-06-13,20190613,0,76.591,76.992,75.027,76.751,4830045
2019-06-14,20190614,0,76.431,77.152,76.27,76.551,1902344
2019-06-17,20190617,0,77.313,77.914,76.992,77.233,3312260
2019-06-18,20190618,0,77.072,78.235,76.711,77.874,2554370
2019-06-19,20190619,0,78.917,79.324,78.47,78.836,3973134
2019-06-20,20190620,0,79.731,79.935,78.551,79.039,2860396
2019-06-21,20190621,0,79.324,79.324,78.144,78.388,2504271
2019-06-24,20190624,0,77.818,79.121,77.818,78.999,1664630
2019-06-25,20190625,0,79.161,79.813,78.714,79.406,2647535
2019-06-26,20190626,0,79.446,79.691,78.836,79.528,1843303
2019-06-27,20190627,0,79.691,79.772,78.632,79.446,2692305
2019-06-28,20190628,0,79.324,79.446,78.144,78.144,3213672
2019-07-02,20190702,0,78.958,79.365,77.818,78.225,3894583
2019-07-03,20190703,0,78.632,79.935,78.225,79.487,2949122
2019-07-04,20190704,0,79.975,80.179,79.446,79.813,1463165
2019-07-05,20190705,0,80.057,81.237,79.772,80.667,3116399
2019-07-08,20190708,0,80.423,80.545,79.202,79.609,4018311
2019-07-09,20190709,0,79.65,80.098,79.039,79.08,2278386
2019-07-10,20190710,0,79.772,79.975,78.958,79.08,1550263
2019-07-11,20190711,0,79.731,80.301,79.202,79.243,2326005
2019-07-12,20190712,0,79.772,80.138,79.446,79.691,1620267
2019-07-15,20190715,0,79.121,79.731,78.388,79.487,2118435
2019-07-16,20190716,0,79.691,79.731,78.836,79.609,2961332
2019-07-17,20190717,0,79.487,79.569,78.714,79.039,2123319
2019-07-18,20190718,0,78.958,79.039,78.429,78.592,1763124
2019-07-19,20190719,0,78.958,79.284,78.47,78.999,1862025
2019-07-22,20190722,0,78.958,79.039,77.737,78.022,3295479
2019-07-23,20190723,0,78.632,78.632,77.371,77.941,2721202
2019-07-24,20190724,0,77.737,78.429,77.493,77.656,1578346
2019-07-25,20190725,0,77.574,77.818,77.371,77.493,2920632
2019-07-26,20190726,0,77.208,77.696,76.923,77.167,2435895
2019-07-29,20190729,0,76.801,76.801,74.155,75.214,7929581
2019-07-30,20190730,0,75.173,75.376,74.4,74.929,4004066
2019-07-31,20190731,0,74.929,75.376,74.033,74.4,3947493
2019-08-01,20190801,0,74.033,75.091,73.26,73.626,5161981
2019-08-02,20190802,0,73.056,75.214,72.446,74.847,8004876
2019-08-05,20190805,0,74.074,75.214,73.26,73.626,6908825
2019-08-06,20190806,0,72.568,74.766,71.876,74.766,8595840
2019-08-07,20190807,0,74.684,74.807,73.748,74.359,4383390
2019-08-08,20190808,0,74.888,75.621,74.44,75.051,3973134
2019-08-09,20190809,0,75.743,75.743,73.993,74.155,3560029
2019-08-12,20190812,0,74.033,74.603,72.731,72.772,3423277
2019-08-13,20190813,0,71.103,71.835,70.045,70.411,8553512
2019-08-14,20190814,0,71.062,71.103,70.167,70.492,8900683
2019-08-15,20190815,0,70.411,74.074,70.126,73.586,8816841
2019-08-16,20190816,0,73.952,75.254,72.853,75.132,6812366
2019-08-19,20190819,0,76.19,76.475,75.417,76.394,5636950
2019-08-20,20190820,0,76.76,76.76,75.905,76.516,3360192
2019-08-21,20190821,0,76.597,76.964,76.19,76.719,3090351
2019-08-22,20190822,0,77.208,77.289,75.051,75.702,2810742
2019-08-23,20190823,0,75.702,75.783,74.196,74.969,3833940
2019-08-26,20190826,0,71.713,73.423,71.632,73.179,5160353
2019-08-27,20190827,0,73.26,74.44,72.812,73.138,3421242
2019-08-28,20190828,0,73.26,74.074,72.69,73.056,2367519
2019-08-29,20190829,0,72.934,73.097,72.242,72.649,3452174
2019-08-30,20190830,0,73.097,73.26,71.306,71.713,5315827
2019-09-02,20190902,0,71.225,71.388,70.085,70.126,7752536
2019-09-03,20190903,0,70.085,71.021,69.719,70.411,5444846
2019-09-04,20190904,0,70.818,75.214,70.37,74.562,12005686
2019-09-05,20190905,0,74.237,74.481,72.08,72.527,6924698
2019-09-06,20190906,0,73.586,73.586,72.161,72.527,3652825
2019-09-09,20190909,0,72.446,73.097,71.713,72.08,2398451
2019-09-10,20190910,0,72.527,72.69,71.673,72.08,2087910
2019-09-11,20190911,0,72.69,74.196,71.713,73.016,5603576
2019-09-12,20190912,0,73.382,74.033,72.283,72.527,2730563
2019-09-13,20190913,0,73.016,73.097,72.527,72.853,1826616
2019-09-16,20190916,0,72.283,72.527,71.917,72.324,2071630
2019-09-17,20190917,0,72.405,72.649,71.713,72.405,2549041
2019-09-18,20190918,0,72.609,72.853,71.917,71.998,1993893
2019-09-19,20190919,0,72.324,72.365,71.428,71.673,1966624
2019-09-20,20190920,0,71.388,72.446,71.225,71.591,1873421
2019-09-23,20190923,0,71.388,72.12,70.655,70.94,2140820
2019-09-24,20190924,0,71.306,71.428,70.126,70.37,4724049
2019-09-25,20190925,0,70.37,70.492,69.19,69.353,4476186
2019-09-26,20190926,0,70.492,70.777,69.353,69.556,4492466
2019-09-27,20190927,0,70.533,70.574,69.312,69.475,5123723
2019-09-30,20190930,0,69.8,70.614,69.231,70.004,3962552
2019-10-02,20191002,0,69.231,70.655,68.864,70.614,4295885
2019-10-03,20191003,0,70.085,71.428,70.004,70.777,4092792
2019-10-04,20191004,0,70.818,71.958,70.33,71.062,7349199
2019-10-08,20191008,0,70.818,71.388,69.271,69.353,6750095
2019-10-09,20191009,0,68.946,69.393,67.562,67.603,9161163
2019-10-10,20191010,0,66.748,67.033,65.527,65.608,10621479
2019-10-11,20191011,0,65.934,67.603,65.812,67.399,7883997
2019-10-14,20191014,0,67.562,68.417,66.951,67.155,5017089
2019-10-15,20191015,0,67.358,67.521,66.341,66.748,3716317
2019-10-16,20191016,0,67.643,68.905,66.667,68.702,6739106
2019-10-17,20191017,0,69.231,69.8,68.498,69.231,5297919
2019-10-18,20191018,0,69.353,69.393,67.684,67.765,4391937
2019-10-21,20191021,0,67.928,68.295,67.562,68.132,1975985
2019-10-22,20191022,0,68.376,68.783,68.05,68.457,1882375
2019-10-23,20191023,0,68.498,68.661,67.806,68.213,1751321
2019-10-24,20191024,0,68.946,69.434,68.498,69.312,2776147
2019-10-25,20191025,0,69.109,69.393,68.742,69.19,3523806
2019-10-28,20191028,0,69.923,70.004,69.353,69.434,2708585
2019-10-29,20191029,0,69.516,69.597,68.783,69.231,3031336
2019-10-30,20191030,0,69.231,70.085,69.19,69.841,3483106
2019-10-31,20191031,0,69.597,70.289,69.597,69.638,1920633
2019-11-01,20191101,0,69.271,70.492,69.19,70.411,3039069
2019-11-04,20191104,0,70.574,70.737,69.597,69.76,4288152
2019-11-05,20191105,0,69.516,69.678,68.539,69.231,4558400
2019-11-06,20191106,0,69.231,70.126,69.027,69.8,2361821
2019-11-07,20191107,0,69.312,70.37,69.312,70.085,2559623
2019-11-08,20191108,0,70.004,70.411,68.986,69.271,2655675
2019-11-11,20191111,0,68.457,68.742,66.951,67.358,2975170
2019-11-12,20191112,0,67.888,67.969,66.341,67.155,3775739
2019-11-13,20191113,0,66.585,66.626,65.201,66.015,5350422
2019-11-14,20191114,0,66.015,66.87,64.794,64.916,6254369
2019-11-15,20191115,0,64.876,65.405,64.469,64.876,5078953
2019-11-18,20191118,0,65.608,65.771,64.794,65.405,3302398
2019-11-19,20191119,0,65.812,66.707,65.649,66.422,5440776
2019-11-20,20191120,0,66.341,66.667,66.056,66.422,2543750
2019-11-21,20191121,0,65.364,65.527,64.428,65.242,4562877
2019-11-22,20191122,0,65.486,65.975,65.283,65.486,2553925
2019-11-25,20191125,0,66.341,68.05,66.056,67.318,6248671
2019-11-26,20191126,0,67.806,68.01,66.3,66.463,6488801
2019-11-27,20191127,0,66.82,67.399,66.406,67.234,3485052
2019-11-28,20191128,0,66.902,67.648,66.654,67.109,2191716
2019-11-29,20191129,0,66.654,67.068,65.867,66.364,2863224
2019-12-02,20191202,0,66.613,66.861,66.24,66.24,1475082
2019-12-03,20191203,0,66.281,66.364,64.998,65.66,4848768
2019-12-04,20191204,0,64.791,65.578,64.791,65.081,3457314
2019-12-05,20191205,0,65.909,66.199,64.998,65.785,4604922
2019-12-06,20191206,0,66.157,66.902,65.578,66.737,2945196
2019-12-09,20191209,0,66.654,67.234,66.323,66.861,2698038
2019-12-10,20191210,0,66.861,66.861,65.826,66.116,3492504
2019-12-11,20191211,0,65.826,66.074,65.453,65.826,4051404
2019-12-12,20191212,0,65.743,66.116,65.702,65.826,6637248
2019-12-13,20191213,0,66.074,66.902,66.033,66.613,3875040
2019-12-16,20191216,0,66.53,66.654,65.702,65.785,2911662
2019-12-17,20191217,0,65.743,65.826,65.288,65.495,5235444
2019-12-18,20191218,0,65.495,65.619,65.329,65.371,3034206
2019-12-19,20191219,0,65.081,65.412,64.998,65.122,2857842
2019-12-20,20191220,0,65.743,67.689,65.412,66.861,9454932
2019-12-23,20191223,0,67.316,68.144,66.737,67.109,4448430
2019-12-24,20191224,0,67.068,67.316,66.654,67.151,1484190
2019-12-27,20191227,0,67.275,67.689,67.068,67.565,3641544
2019-12-30,20191230,0,67.689,68.103,67.482,68.02,3622086
2019-12-31,20191231,0,67.565,68.434,67.565,68.351,2803194
2020-01-02,20200102,0,68.31,68.351,67.565,68.227,3957012
2020-01-03,20200103,0,68.517,68.558,67.399,67.689,2736540
2020-01-06,20200106,0,67.689,67.813,66.654,67.151,3238970
2020-01-07,20200107,0,67.772,67.772,66.944,66.985,3459964
2020-01-08,20200108,0,66.323,67.027,66.24,66.778,2668810
2020-01-09,20200109,0,66.944,67.441,66.778,67.316,3616290
2020-01-10,20200110,0,67.565,67.73,67.275,67.482,2439040
2020-01-13,20200113,0,68.062,68.641,67.73,68.558,5012215
2020-01-14,20200114,0,68.931,69.138,68.641,68.807,3982349
2020-01-15,20200115,0,69.014,69.055,68.062,68.89,4127166
2020-01-16,20200116,0,69.138,70.38,68.724,70.132,5828623
2020-01-17,20200117,0,70.38,71.415,70.09,71.208,7138602
2020-01-20,20200120,0,71.622,71.788,70.835,71.042,3873467
2020-01-21,20200121,0,69.552,70.38,69.055,69.262,5194872
2020-01-22,20200122,0,69.221,69.262,67.979,68.476,5339192
2020-01-23,20200123,0,68.144,68.144,67.109,67.648,5389452
2020-01-24,20200124,0,68.558,68.558,66.737,67.565,3777005
2020-01-29,20200129,0,64.211,66.654,64.211,66.281,4130147
2020-01-30,20200130,0,66.406,66.447,65.412,65.536,4581655
2020-01-31,20200131,0,65.578,66.406,65.329,65.495,4459856
2020-02-03,20200203,0,65.329,65.371,63.839,64.625,6721290
2020-02-04,20200204,0,64.625,65.164,64.17,64.832,5130619
2020-02-05,20200205,0,64.75,65.081,64.046,64.253,4238946
2020-02-06,20200206,0,65.081,66.695,65.081,66.406,5671220
2020-02-07,20200207,0,67.565,67.606,66.157,66.737,3353897
2020-02-10,20200210,0,66.571,66.944,65.412,65.619,3328726
2020-02-11,20200211,0,66.861,66.902,65.246,65.288,3759203
2020-02-12,20200212,0,65.205,65.743,65.122,65.66,4427150
2020-02-13,20200213,0,65.453,65.495,64.957,65.081,4486187
2020-02-14,20200214,0,65.288,65.743,65.081,65.288,4513676
2020-02-17,20200217,0,65.246,65.826,65.246,65.412,10028570
2020-02-18,20200218,0,65.371,65.371,64.584,64.667,4045277
2020-02-19,20200219,0,64.584,64.832,64.501,64.625,3513701
2020-02-20,20200220,0,64.584,64.75,64.211,64.501,3734777
2020-02-21,20200221,0,64.17,64.336,63.094,63.259,7436930
2020-02-24,20200224,0,62.845,62.928,61.934,62.266,5667412
2020-02-25,20200225,0,61.769,62.183,61.438,61.934,3509975
2020-02-26,20200226,0,61.024,61.645,60.858,61.313,5492786
2020-02-27,20200227,0,60.899,61.438,60.651,61.355,4725810
2020-02-28,20200228,0,60.485,60.527,59.657,59.823,5429196
2020-03-02,20200302,0,59.326,60.237,58.871,59.285,6808727
2020-03-03,20200303,0,59.989,60.154,59.161,59.409,6638490
2020-03-04,20200304,0,59.699,61.562,59.575,61.065,7639376
2020-03-05,20200305,0,62.017,62.307,60.858,61.852,4734504
2020-03-06,20200306,0,62.348,62.348,60.568,61.231,5560931
2020-03-09,20200309,0,60.361,61.355,59.492,60.858,10453997
2020-03-10,20200310,0,64.17,64.17,62.141,62.845,11445444
2020-03-11,20200311,0,63.176,64.501,63.176,63.839,10336669
2020-03-12,20200312,0,62.804,62.804,61.272,62.224,7725157
2020-03-13,20200313,0,58.871,61.438,57.96,60.941,12617478
2020-03-16,20200316,0,59.409,61.189,58.622,58.912,9413863
2020-03-17,20200317,0,60.03,62.307,59.657,60.858,11424413
2020-03-18,20200318,0,61.603,61.893,58.167,58.25,10028902
2020-03-19,20200319,0,59.243,59.492,54.027,55.517,13306705
2020-03-20,20200320,0,55.642,56.47,54.979,55.186,8510764
2020-03-23,20200323,0,52.992,54.193,52.495,52.909,8616334
2020-03-24,20200324,0,53.737,54.317,52.785,53.24,6990059
2020-03-25,20200325,0,53.82,55.6,53.489,55.393,7627288
2020-03-26,20200326,0,55.517,55.6,54.027,54.317,5276347
2020-03-27,20200327,0,55.103,55.393,54.441,54.565,3835130
2020-03-30,20200330,0,54.234,54.275,52.951,53.365,4402807
2020-03-31,20200331,0,54.441,54.814,53.572,54.4,5892214
2020-04-01,20200401,0,54.772,55.145,53.903,54.4,4552096
2020-04-02,20200402,0,54.441,54.896,53.199,53.406,5485914
2020-04-03,20200403,0,53.323,53.406,51.874,52.123,5656813
2020-04-06,20200406,0,53.53,53.944,52.868,53.779,5892545
2020-04-07,20200407,0,54.441,55.435,54.317,55.393,7317036
2020-04-08,20200408,0,55.186,55.807,54.027,55.062,4772095
2020-04-09,20200409,0,55.724,56.056,54.731,55.766,4507135
2020-04-14,20200414,0,55.807,57.505,55.807,56.842,5250596
2020-04-15,20200415,0,57.587,58.374,56.387,56.47,4808693
2020-04-16,20200416,0,56.884,57.463,56.552,57.049,2661192
2020-04-17,20200417,0,58.291,58.995,57.629,58.167,4194731
2020-04-20,20200420,0,58.622,58.664,57.173,57.712,3803252
2020-04-21,20200421,0,57.38,57.877,55.186,55.807,5518951
2020-04-22,20200422,0,55.021,55.849,54.524,55.642,1873267
2020-04-23,20200423,0,56.18,56.263,55.476,55.807,2596608
2020-04-24,20200424,0,55.89,55.89,54.731,54.938,3145406
2020-04-27,20200427,0,55.021,55.89,54.814,55.476,2610684
2020-04-28,20200428,0,55.31,56.677,55.186,56.594,3846060
2020-04-29,20200429,0,57.463,57.877,56.966,57.67,3436448
2020-05-04,20200504,0,55.973,56.718,55.559,55.6,3862703
2020-05-05,20200505,0,55.476,56.387,55.476,56.056,3275568
2020-05-06,20200506,0,55.89,57.049,55.807,56.966,2533763
2020-05-07,20200507,0,56.842,56.884,56.056,56.759,2051701
2020-05-08,20200508,0,56.884,57.132,56.47,56.635,2035555
2020-05-11,20200511,0,56.966,57.38,56.677,57.049,1791792
2020-05-12,20200512,0,56.387,56.511,55.352,55.931,4078976
2020-05-13,20200513,0,56.221,56.387,55.352,55.807,2336947
2020-05-14,20200514,0,55.103,55.393,54.648,54.938,2507598
2020-05-15,20200515,0,54.814,55.352,54.317,54.731,2503044
2020-05-18,20200518,0,55.476,55.642,54.896,55.228,2383150
2020-05-19,20200519,0,56.718,57.794,56.552,56.966,4585795
2020-05-20,20200520,0,57.256,57.256,56.635,56.884,1749564
2020-05-21,20200521,0,57.422,57.505,55.973,56.18,2879701
2020-05-22,20200522,0,54.607,54.648,50.384,50.467,24147544
2020-05-25,20200525,0,49.266,50.011,48.438,49.1,10588381
2020-05-26,20200526,0,50.011,50.715,49.68,50.094,8274618
2020-05-27,20200527,0,49.887,50.094,48.479,48.562,6975734
2020-05-28,20200528,0,48.521,49.1,46.575,46.948,12225668
2020-05-29,20200529,0,46.616,48.438,46.575,47.776,8213926
2020-06-01,20200601,0,48.521,51.336,48.438,51.046,11607898
2020-06-02,20200602,0,52.205,54.317,51.916,53.944,14986303
2020-06-03,20200603,0,54.607,54.896,53.572,54.565,8287866
2020-06-04,20200604,0,55.269,55.476,53.365,53.861,6091844
2020-06-05,20200605,0,54.027,55.352,53.489,55.228,7330036
2020-06-08,20200608,0,54.938,55.393,54.524,54.772,7218752
2020-06-09,20200609,0,55.435,57.339,55.062,56.677,8804621
2020-06-10,20200610,0,57.546,57.96,56.801,57.256,9294466
2020-06-11,20200611,0,56.966,57.215,56.056,56.511,8700541
2020-06-12,20200612,0,55.117,56.682,54.525,56.64,5637321
2020-06-15,20200615,0,56.005,56.597,54.609,54.948,4522631
2020-06-16,20200616,0,56.471,56.682,55.498,55.836,3954119
2020-06-17,20200617,0,56.047,56.344,55.159,56.132,3766984
2020-06-18,20200618,0,56.047,56.09,55.075,55.709,3289586
2020-06-19,20200619,0,55.54,56.344,55.286,55.794,5630299
2020-06-22,20200622,0,55.667,55.667,54.482,54.99,4583205
2020-06-23,20200623,0,54.567,54.948,53.806,54.144,7444208
2020-06-24,20200624,0,54.482,54.567,53.721,53.975,4995884
2020-06-26,20200626,0,53.975,54.313,53.467,54.102,4517132
2020-06-29,20200629,0,54.313,54.313,53.129,53.806,3679423
2020-06-30,20200630,0,53.975,54.144,53.298,53.509,6419279
2020-07-02,20200702,0,54.482,55.117,54.017,54.736,7212404
2020-07-03,20200703,0,55.286,55.667,54.567,54.736,4294127
2020-07-06,20200706,0,55.836,57.063,55.54,56.428,8395789
2020-07-07,20200707,0,56.259,56.682,55.455,55.54,7309017
2020-07-08,20200708,0,55.878,56.217,54.229,54.99,8158147
2020-07-09,20200709,0,55.201,55.244,53.467,53.806,8102142
2020-07-10,20200710,0,53.721,54.313,53.002,53.256,5686558
2020-07-13,20200713,0,54.102,54.144,52.748,53.087,4456474
2020-07-14,20200714,0,53.171,53.171,52.071,52.833,4220694
2020-07-15,20200715,0,53.806,54.102,52.198,52.325,4242352
2020-07-16,20200716,0,52.579,53.129,51.606,51.691,4446322
2020-07-17,20200717,0,51.944,52.029,50.971,51.564,4523647
2020-07-20,20200720,0,51.352,51.352,50.083,51.098,5009674
2020-07-21,20200721,0,51.31,51.817,50.971,51.437,3962833
2020-07-22,20200722,0,51.691,51.691,50.422,50.506,5273879
2020-07-23,20200723,0,50.633,50.633,49.999,50.125,3660388
2020-07-24,20200724,0,49.618,49.872,49.279,49.66,4448268
2020-07-27,20200727,0,50.041,50.506,49.153,49.491,3794987
2020-07-28,20200728,0,50.125,50.21,48.645,49.11,4843181
2020-07-29,20200729,0,49.153,50.464,49.068,49.914,4695215
2020-07-30,20200730,0,50.422,51.944,50.21,50.845,5767859
2020-07-31,20200731,0,51.183,51.606,50.21,50.633,2675137
2020-08-03,20200803,0,51.183,51.521,50.252,51.183,4411636
2020-08-04,20200804,0,51.521,52.029,50.548,51.817,6119456
2020-08-05,20200805,0,52.029,52.41,51.606,51.817,4184062
2020-08-06,20200806,0,52.24,52.24,50.845,51.479,3439582
2020-08-07,20200807,0,51.564,52.24,51.437,51.987,4327798
2020-08-10,20200810,0,51.564,51.902,51.056,51.395,3210655
2020-08-11,20200811,0,51.733,52.367,51.564,52.114,3976961
2020-08-12,20200812,0,52.24,53.594,51.691,53.34,6250163
2020-08-13,20200813,0,53.383,53.594,52.579,53.087,3686445
2020-08-14,20200814,0,52.748,53.213,52.537,52.875,2313049
2020-08-17,20200817,0,53.002,53.932,53.002,53.594,3789488
2020-08-18,20200818,0,53.594,53.636,52.621,52.748,3876626
2020-08-19,20200819,0,52.96,53.509,52.114,52.24,3720623
2020-08-20,20200820,0,52.071,52.114,50.675,50.971,5595613
2020-08-21,20200821,0,51.352,52.071,51.225,51.944,3458533
2020-08-24,20200824,0,52.325,53.383,52.283,53.213,4484477
2020-08-25,20200825,0,53.171,53.34,52.537,52.875,3202279
2020-08-26,20200826,0,52.579,53.129,51.902,52.283,2438680
2020-08-27,20200827,0,52.537,52.579,51.437,51.479,3467585
2020-08-28,20200828,0,51.437,52.579,51.225,51.817,3180706
2020-08-31,20200831,0,52.452,52.875,51.902,52.029,3626548
2020-09-01,20200901,0,52.071,52.071,51.225,51.944,2781817
2020-09-02,20200902,0,52.79,54.694,51.775,54.186,10883029
2020-09-03,20200903,0,54.186,54.863,53.425,54.44,6570121
2020-09-04,20200904,0,53.721,53.848,52.706,53.383,7256227
2020-09-07,20200907,0,53.298,53.636,52.706,53.087,3018443
2020-09-08,20200908,0,53.213,53.298,52.071,52.96,3785089
2020-09-09,20200909,0,52.367,53.256,52.325,53.129,4791998
2020-09-10,20200910,0,53.467,53.594,52.706,53.002,3347114
2020-09-11,20200911,0,52.833,53.383,52.706,53.171,1758496
2020-09-14,20200914,0,53.129,53.975,52.875,53.594,2671753
2020-09-15,20200915,0,53.89,54.694,53.467,54.567,3709118
2020-09-16,20200916,0,54.736,55.624,54.525,55.244,6876880
2020-09-17,20200917,0,55.413,55.413,54.355,54.694,3957080
2020-09-18,20200918,0,55.201,55.836,54.652,55.371,6504809
2020-09-21,20200921,0,55.667,55.667,53.848,53.932,3159133
2020-09-22,20200922,0,53.89,54.102,53.298,53.594,2726658
2020-09-23,20200923,0,53.383,54.017,53.298,53.425,2842560
2020-09-24,20200924,0,53.383,53.383,52.537,53.129,3666310
2020-09-25,20200925,0,52.96,53.721,52.663,53.129,3276896
2020-09-28,20200928,0,53.256,53.467,52.494,52.748,2728858
2020-09-29,20200929,0,52.79,53.129,52.156,52.706,3412595
2020-09-30,20200930,0,53.087,53.763,52.79,53.34,4105046
2020-10-05,20201005,0,53.552,54.652,53.298,53.467,2972083
2020-10-06,20201006,0,53.298,53.679,52.621,52.875,3911481
2020-10-07,20201007,0,52.875,53.636,52.706,53.34,3229351
2020-10-08,20201008,0,53.044,53.129,52.283,52.833,6560730
2020-10-09,20201009,0,52.875,52.875,52.029,52.071,4060969
2020-10-12,20201012,0,51.987,52.452,51.902,52.283,4182539
2020-10-14,20201014,0,52.494,52.494,51.86,52.071,4549111
2020-10-15,20201015,0,51.902,51.987,51.606,51.733,3535603
2020-10-16,20201016,0,51.775,51.817,51.31,51.352,3624941
2020-10-19,20201019,0,51.817,52.156,51.352,51.606,2443079
2020-10-20,20201020,0,51.606,51.775,51.268,51.606,2247737
2020-10-21,20201021,0,51.775,52.114,51.395,51.648,2475650
2020-10-22,20201022,0,51.564,51.902,51.479,51.733,2188264
2020-10-23,20201023,0,51.86,52.452,51.521,52.283,2451285
2020-10-27,20201027,0,52.156,52.41,51.268,51.479,3274612
2020-10-28,20201028,0,51.31,51.395,50.76,50.76,2948225
2020-10-29,20201029,0,50.506,51.014,50.337,50.845,3382731
2020-10-30,20201030,0,50.633,50.802,49.914,50.083,3630778
2020-11-02,20201102,0,50.337,50.591,49.745,49.872,2267534
2020-11-03,20201103,0,50.591,51.141,50.464,50.887,2105271
2020-11-04,20201104,0,50.929,51.86,50.929,51.225,2731903
2020-11-05,20201105,0,52.114,52.452,51.479,51.691,2664477
2020-11-06,20201106,0,52.029,53.129,52.029,53.087,4200052
2020-11-09,20201109,0,53.34,53.594,51.902,53.213,6221399
2020-11-10,20201110,0,55.371,57.486,54.99,57.063,18522916
2020-11-11,20201111,0,59.135,59.22,57.232,58.459,11971069
2020-11-12,20201112,0,58.755,59.093,57.274,57.443,7823047
2020-11-13,20201113,0,57.697,57.951,56.64,57.866,6451258
2020-11-16,20201116,0,58.289,59.051,58.163,58.628,5287331
2020-11-17,20201117,0,58.882,60.574,58.755,60.489,8583939
2020-11-18,20201118,0,60.447,60.912,59.77,59.981,5991541
2020-11-19,20201119,0,60.178,60.35,59.443,60.005,3961872
2020-11-20,20201120,0,59.875,60.091,57.974,58.536,4088189
2020-11-23,20201123,0,58.838,58.925,56.765,57.758,6505747
2020-11-24,20201124,0,57.37,58.493,57.11,58.363,4811702
2020-11-25,20201125,0,58.968,59.875,58.752,58.838,4958237
2020-11-26,20201126,0,59.227,59.443,58.45,59.4,2741126
2020-11-27,20201127,0,59.098,59.443,58.795,59.357,2017440
2020-11-30,20201130,0,59.011,59.184,58.018,58.622,4949338
2020-12-01,20201201,0,58.795,59.141,57.974,58.018,3386966
2020-12-02,20201202,0,58.19,58.234,57.456,57.931,3882989
2020-12-03,20201203,0,59.357,61.517,58.234,61.085,13954982
2020-12-04,20201204,0,61.258,61.43,60.48,60.998,4307386
2020-12-07,20201207,0,60.998,61.171,59.616,59.875,5711126
2020-12-08,20201208,0,59.918,60.048,59.357,59.746,4037731
2020-12-09,20201209,0,59.616,60.48,58.838,59.832,4365792
2020-12-10,20201210,0,59.616,60.48,59.53,59.875,3393792
2020-12-11,20201211,0,60.48,60.61,59.443,60.394,4186598
2020-12-14,20201214,0,60.221,60.653,59.443,59.875,2129587
2020-12-15,20201215,0,59.789,60.005,58.752,59.098,3787085
2020-12-16,20201216,0,59.702,60.134,59.227,59.918,3059942
2020-12-17,20201217,0,59.918,60.48,59.357,60.394,3624048
2020-12-18,20201218,0,60.437,60.653,59.486,59.659,3004042
2020-12-21,20201221,0,59.443,59.746,59.011,59.227,3445891
2020-12-22,20201222,0,59.573,59.616,58.363,58.709,2873318
2020-12-23,20201223,0,58.968,59.616,58.752,59.486,1816301
2020-12-24,20201224,0,59.53,60.091,59.011,59.573,1040861
2020-12-28,20201228,0,59.918,60.739,59.616,60.696,3002054
2020-12-29,20201229,0,59.918,61.344,59.875,61.258,2678400
2020-12-30,20201230,0,61.517,62.035,61.344,61.992,3652474
2020-12-31,20201231,0,61.862,61.949,60.48,61.085,2819664
2021-01-04,20210104,0,61.128,62.467,60.998,61.819,4324925
2021-01-05,20210105,0,61.819,63.072,61.344,62.986,6127142
2021-01-06,20210106,0,63.504,63.677,62.294,62.726,4554922
2021-01-07,20210107,0,62.683,62.683,61.646,61.992,3477427
2021-01-08,20210108,0,61.69,61.776,60.566,60.869,5553446
2021-01-11,20210111,0,60.998,60.998,59.875,60.394,4226515
2021-01-12,20210112,0,60.394,61.603,60.307,60.61,2733782
2021-01-13,20210113,0,60.61,61.128,59.746,61.042,2498947
2021-01-14,20210114,0,61.042,61.171,60.048,60.61,2483654
2021-01-15,20210115,0,61.128,61.258,59.789,60.134,4954608
2021-01-18,20210118,0,60.048,60.048,59.357,59.832,4310842
2021-01-19,20210119,0,59.789,60.437,59.357,59.918,7173187
2021-01-20,20210120,0,59.616,60.134,59.443,59.573,3729024
2021-01-21,20210121,0,60.048,60.134,59.184,59.659,5048266
2021-01-22,20210122,0,60.048,60.221,59.011,59.098,4637434
2021-01-25,20210125,0,59.4,59.53,58.147,58.925,5835802
2021-01-26,20210126,0,58.925,59.314,58.32,58.795,3616963
2021-01-27,20210127,0,59.573,59.832,58.493,58.622,3509136
2021-01-28,20210128,0,58.709,59.184,57.888,58.709,8045568
2021-01-29,20210129,0,58.622,58.882,58.234,58.493,5643821
2021-02-01,20210201,0,58.493,58.622,57.931,58.579,6006874
2021-02-02,20210202,0,58.622,58.838,57.758,57.931,5170090
2021-02-03,20210203,0,57.888,58.147,57.456,58.147,3306269
2021-02-04,20210204,0,58.277,58.882,57.758,58.45,4044384
2021-02-05,20210205,0,58.925,59.098,58.32,58.536,2639434
2021-02-08,20210208,0,58.579,58.795,57.586,57.974,3180384
2021-02-09,20210209,0,58.104,58.19,57.456,57.629,3964032
2021-02-10,20210210,0,57.586,57.715,57.067,57.542,5019926
2021-02-11,20210211,0,57.629,58.406,57.456,58.234,3805574
2021-02-16,20210216,0,58.277,59.616,58.018,59.314,10139040
2021-02-17,20210217,0,59.702,60.048,59.227,59.357,11997331
2021-02-18,20210218,0,59.314,60.437,59.011,60.221,6833117
2021-02-19,20210219,0,60.437,60.653,59.875,60.566,5513962
2021-02-22,20210222,0,60.955,61.517,60.005,60.307,5415898
2021-02-23,20210223,0,60.653,62.986,60.35,62.165,10899360
2021-02-24,20210224,0,62.683,63.85,61.646,62.683,13140058
2021-02-25,20210225,0,63.504,65.448,63.374,64.195,15104275
2021-02-26,20210226,0,63.72,64.238,62.467,62.942,7381843
2021-03-01,20210301,0,63.677,63.85,61.603,61.733,7195478
2021-03-02,20210302,0,61.906,62.726,61.085,61.646,4912013
2021-03-03,20210303,0,61.517,61.733,60.35,61.042,5169312
2021-03-04,20210304,0,60.955,61.646,60.48,60.912,3275856
2021-03-05,20210305,0,60.437,61.43,59.702,61.042,3897850
2021-03-08,20210308,0,61.214,61.949,60.826,61.517,6662390
2021-03-09,20210309,0,61.517,63.072,61.344,62.597,7633181
2021-03-10,20210310,0,62.899,63.72,62.251,62.77,5343408
2021-03-11,20210311,0,63.461,63.504,62.122,62.208,4808938
2021-03-12,20210312,0,62.338,62.64,61.69,61.906,3647894
2021-03-15,20210315,0,61.992,62.813,61.862,61.906,3080419
2021-03-16,20210316,0,62.251,62.294,61.171,61.56,2738966
2021-03-17,20210317,0,61.603,61.776,60.912,61.387,2177712
2021-03-18,20210318,0,61.387,61.603,60.653,60.869,4815158
2021-03-19,20210319,0,60.48,60.739,60.048,60.048,4515264
2021-03-22,20210322,0,60.048,60.739,59.789,60.394,1980288
2021-03-23,20210323,0,60.48,60.782,60.221,60.653,2279405
2021-03-24,20210324,0,60.48,60.696,59.832,60.35,3003350
2021-03-25,20210325,0,60.653,61.344,60.307,60.394,3675370
2021-03-26,20210326,0,60.61,60.653,60.048,60.178,2141683
2021-03-29,20210329,0,60.134,61.128,59.962,60.998,3399149
2021-03-30,20210330,0,60.869,62.899,60.782,62.554,7871299
2021-03-31,20210331,0,62.597,62.683,61.085,61.214,2680474
2021-04-01,20210401,0,61.387,61.43,60.48,60.739,2848522
2021-04-07,20210407,0,60.869,61.301,60.61,60.61,2190586
2021-04-08,20210408,0,60.696,61.301,60.221,61.128,3727901
2021-04-09,20210409,0,61.085,61.171,60.566,60.998,2271456
2021-04-12,20210412,0,60.782,61.214,60.264,60.653,2836426
2021-04-13,20210413,0,61.085,62.813,61.042,62.078,4858963
2021-04-14,20210414,0,62.381,64.368,62.208,63.763,9726912
2021-04-15,20210415,0,64.109,64.757,63.85,64.368,5229446
2021-04-16,20210416,0,64.627,65.578,64.454,64.973,6447600
2021-04-19,20210419,0,64.714,64.973,63.504,64.022,2771280
2021-04-20,20210420,0,64.066,64.757,63.763,64.152,1827014
2021-04-21,20210421,0,63.763,64.282,63.374,64.022,1909958
2021-04-22,20210422,0,64.498,65.189,64.282,64.541,4221158
2021-04-23,20210423,0,64.627,64.627,63.979,64.411,1637194
2021-04-26,20210426,0,64.368,64.498,63.59,64.195,2753914
2021-04-27,20210427,0,63.979,64.368,63.072,63.115,2871331
2021-04-28,20210428,0,62.986,63.331,62.294,63.029,3478550
2021-04-29,20210429,0,63.245,63.85,63.115,63.331,2160691
2021-04-30,20210430,0,63.202,63.634,63.072,63.331,1949616
2021-05-03,20210503,0,63.331,63.763,62.64,63.072,2366150
2021-05-04,20210504,0,62.899,63.202,62.424,62.77,2041114
2021-05-05,20210505,0,62.813,63.029,62.381,62.467,2393280
2021-05-06,20210506,0,62.986,63.677,62.683,63.418,2763504
2021-05-07,20210507,0,63.677,64.411,63.461,64.022,3751661
2021-05-10,20210510,0,64.368,65.146,64.195,64.714,3858883
2021-05-11,20210511,0,64.8,64.886,63.979,64.238,4431024
2021-05-12,20210512,0,64.325,64.368,63.202,63.634,3520282
2021-05-13,20210513,0,63.115,64.022,62.899,63.029,3589661
2021-05-14,20210514,0,63.461,63.547,62.942,63.418,1581725
2021-05-17,20210517,0,63.202,63.461,62.467,62.467,4624733
2021-05-18,20210518,0,63.202,64.93,63.072,64.195,4513363
2021-05-20,20210520,0,64.454,64.8,63.936,64.066,2693520
2021-05-21,20210521,0,64.325,64.325,63.461,63.677,2551478
2021-05-24,20210524,0,64.282,64.282,63.677,64.022,2253312
2021-05-25,20210525,0,64.282,64.8,63.979,64.67,2911766
2021-05-26,20210526,0,64.67,65.837,64.541,64.886,4321642
2021-05-27,20210527,0,64.93,65.621,64.368,64.584,3275510
2021-05-28,20210528,0,64.67,65.275,64.498,64.67,3465590
2021-05-31,20210531,0,64.67,64.8,63.763,63.979,3650486
2021-06-01,20210601,0,63.85,64.325,63.072,64.325,3588451
2021-06-02,20210602,0,64.368,64.973,64.238,64.498,3224189
2021-06-03,20210603,0,64.714,65.146,64.022,64.109,1916784
2021-06-04,20210604,0,64.238,64.282,63.677,64.022,1585440
2021-06-07,20210607,0,64.066,64.627,63.85,64.411,1992384
2021-06-08,20210608,0,64.541,65.621,64.541,65.491,4493146
2021-06-09,20210609,0,65.491,66.312,65.362,65.362,2958941
2021-06-10,20210610,0,65.621,66.701,65.448,66.398,3190925
2021-06-11,20210611,0,66.442,67.219,66.096,66.398,3142109
2021-06-15,20210615,0,66.571,66.787,65.405,65.75,3717533
2021-06-16,20210616,0,65.75,66.485,65.491,65.923,3829853
2021-06-17,20210617,0,65.534,66.01,64.843,65.146,3105648
2021-06-18,20210618,0,65.405,67.738,65.362,67.262,5429635
2021-06-21,20210621,0,67.349,67.565,66.787,67.133,2255558
2021-06-22,20210622,0,67.176,67.781,66.787,66.83,2456006
2021-06-23,20210623,0,66.658,67.824,66.528,67.565,3091306
2021-06-24,20210624,0,67.176,67.997,67.046,67.608,2567462
2021-06-25,20210625,0,67.738,67.824,67.046,67.392,2105914
2021-06-28,20210628,0,67.392,67.91,66.614,67.219,1855181
2021-06-29,20210629,0,67.661,67.925,66.824,67.044,2895230
2021-06-30,20210630,0,66.868,67.176,66.251,66.383,1648703
2021-07-02,20210702,0,66.516,66.956,65.238,65.723,2848625
2021-07-05,20210705,0,65.811,67.705,65.811,67.308,3021566
2021-07-06,20210706,0,67.397,67.573,66.956,67.22,2040044
2021-07-07,20210707,0,67.352,67.352,66.119,66.383,2004892
2021-07-08,20210708,0,66.604,67.485,65.767,65.899,3083764
2021-07-09,20210709,0,65.811,66.075,65.194,65.238,3477219
2021-07-12,20210712,0,65.502,66.075,64.842,65.987,2195012
2021-07-13,20210713,0,67.044,67.352,66.295,66.427,2563270
2021-07-14,20210714,0,66.207,66.427,65.458,65.59,1974850
2021-07-15,20210715,0,65.502,66.516,65.502,66.119,1876178
2021-07-16,20210716,0,66.075,68.101,65.899,66.868,3656590
2021-07-19,20210719,0,66.516,67.132,65.37,65.635,2571991
2021-07-20,20210720,0,65.811,66.427,65.502,65.679,2255008
2021-07-21,20210721,0,66.075,66.516,65.811,66.075,2301436
2021-07-22,20210722,0,66.031,67.176,66.031,66.868,4453896
2021-07-23,20210723,0,66.471,66.78,65.987,66.339,2284785
2021-07-26,20210726,0,66.075,66.736,65.943,66.075,4031456
2021-07-27,20210727,0,66.075,67.573,65.943,66.471,7429473
2021-07-28,20210728,0,67.132,67.617,66.339,66.56,4295580
2021-07-29,20210729,0,66.471,66.648,65.635,66.075,4476625
2021-07-30,20210730,0,65.899,66.427,65.37,65.502,2989321
2021-08-02,20210802,0,65.767,66.251,65.37,66.075,2878844
2021-08-03,20210803,0,66.736,66.736,65.458,65.679,1891507
2021-08-04,20210804,0,65.899,66.075,65.458,65.59,1922430
2021-08-05,20210805,0,65.282,65.414,64.489,65.106,2221442
2021-08-06,20210806,0,65.723,65.723,64.489,64.93,1566858
2021-08-09,20210809,0,64.401,65.679,64.401,64.621,3037952
2021-08-10,20210810,0,64.621,64.621,63.52,63.917,3991370
2021-08-11,20210811,0,63.608,64.621,63.564,63.873,3438631
2021-08-12,20210812,0,64.313,64.533,63.784,63.917,1650906
2021-08-13,20210813,0,63.873,64.489,63.784,64.445,1644915
2021-08-16,20210816,0,64.401,64.665,63.961,64.533,1533733
2021-08-17,20210817,0,64.621,65.282,64.577,64.577,2288926
2021-08-18,20210818,0,64.577,64.974,64.137,64.842,1315597
2021-08-19,20210819,0,64.754,64.754,63.784,64.093,1338063
2021-08-20,20210820,0,64.489,65.37,64.225,65.106,3869352
2021-08-23,20210823,0,65.458,65.546,64.401,64.533,2272804
2021-08-24,20210824,0,64.754,64.754,63.917,64.005,2061188
2021-08-25,20210825,0,63.652,64.137,63.256,63.432,3299433
2021-08-26,20210826,0,63.168,63.344,62.639,63.168,2586616
2021-08-27,20210827,0,63.08,63.168,62.595,63.036,1976259
2021-08-30,20210830,0,62.903,63.608,62.639,63.3,2440458
2021-08-31,20210831,0,63.256,63.476,62.815,63.168,2058368
2021-09-01,20210901,0,62.992,62.992,62.375,62.903,3677206
2021-09-02,20210902,0,62.859,63.74,62.683,63.256,3861511
2021-09-03,20210903,0,63.256,63.564,62.683,62.815,1660244
2021-09-06,20210906,0,62.639,62.815,62.419,62.463,1853095
2021-09-07,20210907,0,62.331,62.507,61.978,62.287,3326568
2021-09-08,20210908,0,61.934,62.287,61.494,61.67,5188033
2021-09-09,20210909,0,61.626,62.507,61.097,61.582,6358970
2021-09-10,20210910,0,61.67,61.934,61.362,61.758,2645379
2021-09-13,20210913,0,61.582,61.758,60.613,61.141,3999740
2021-09-14,20210914,0,60.965,61.538,60.657,60.833,2752773
2021-09-15,20210915,0,61.009,61.23,59.864,59.908,4160522
2021-09-16,20210916,0,59.908,59.908,58.454,58.895,5757776
2021-09-17,20210917,0,59.027,59.291,58.631,59.027,3894372
2021-09-20,20210920,0,58.146,58.587,55.591,57.001,10640630
2021-09-21,20210921,0,56.736,57.221,56.252,57.089,7720820
2021-09-23,20210923,0,57.485,58.366,57.265,58.322,4373372
2021-09-24,20210924,0,58.146,58.366,57.133,57.485,3445415
2021-09-27,20210927,0,57.485,57.882,56.869,56.913,2697182
2021-09-28,20210928,0,57.045,57.265,56.384,56.516,3911552
2021-09-29,20210929,0,56.208,57.882,55.723,57.397,6179951
2021-09-30,20210930,0,57.661,59.291,57.485,58.939,4425704
2021-10-04,20211004,0,57.794,58.058,57.177,58.014,4225628
2021-10-05,20211005,0,57.529,58.234,56.825,57.97,2283552
2021-10-06,20211006,0,57.97,58.454,56.957,57.353,3388238
2021-10-07,20211007,0,57.706,58.498,57.485,58.058,2288133
2021-10-08,20211008,0,57.926,58.719,57.397,58.542,4918359
2021-10-11,20211011,0,58.587,59.027,58.322,58.719,3329651
2021-10-12,20211012,0,58.41,59.688,57.882,59.247,3440481
2021-10-15,20211015,0,59.732,60.657,59.115,60.216,3164112
2021-10-18,20211018,0,60.613,60.657,59.335,60.04,2548292
2021-10-19,20211019,0,60.349,61.053,59.908,60.26,2435260
2021-10-20,20211020,0,60.26,60.349,59.291,59.996,3007646
2021-10-21,20211021,0,59.864,60.172,59.159,59.82,2406716
2021-10-22,20211022,0,60.128,60.481,59.688,60.084,1879702
2021-10-25,20211025,0,60.26,60.965,59.908,60.349,1619807
2021-10-26,20211026,0,60.349,60.349,59.688,59.996,2065593
2021-10-27,20211027,0,59.908,60.569,59.644,60.26,2372445
2021-10-28,20211028,0,60.481,61.406,60.216,61.185,3924855
2021-10-29,20211029,0,61.23,61.538,60.833,60.877,2212984
2021-11-01,20211101,0,60.701,60.965,59.996,60.393,1464927
2021-11-02,20211102,0,60.393,60.921,59.908,60.613,2066826
2021-11-03,20211103,0,60.349,60.613,59.468,59.688,1634960
2021-11-04,20211104,0,60.26,60.789,59.996,60.437,2261263
2021-11-05,20211105,0,60.437,60.789,59.996,60.525,691321
2021-11-08,20211108,0,61.053,61.846,61.009,61.45,2396584
2021-11-09,20211109,0,61.846,61.846,60.613,61.23,1923311
2021-11-10,20211110,0,61.362,62.727,60.349,62.199,4902501
2021-11-11,20211111,0,62.815,64.313,62.683,63.168,7386216
2021-11-12,20211112,0,63.608,64.181,62.287,62.992,4882238
2021-11-15,20211115,0,62.903,63.168,62.199,62.771,2043480
2021-11-16,20211116,0,63.212,63.873,62.992,63.388,2409976
2021-11-17,20211117,0,63.08,63.388,62.463,62.639,3313617
2021-11-18,20211118,0,62.155,62.992,61.846,62.639,3096627
2021-11-19,20211119,0,62.551,62.992,62.243,62.903,5541226
2021-11-22,20211122,0,69.9,70.6,69.65,69.8,3082300
2021-11-23,20211123,0,69.75,70.25,69.25,69.75,2756500
2021-11-24,20211124,0,69.85,70.75,69.6,70.55,3599400
2021-11-25,20211125,0,71.0,71.0,69.75,70.8,2715300
2021-11-26,20211126,0,70.55,70.55,69.1,69.3,3640400
2021-11-29,20211129,0,68.85,69.05,68.35,68.8,2769200
2021-11-30,20211130,0,68.5,69.15,67.5,67.75,4557500
2021-12-01,20211201,0,67.45,67.85,66.1,66.55,7264000
2021-12-02,20211202,0,66.5,67.15,66.1,67.05,4227900
2021-12-03,20211203,0,66.85,67.1,66.35,66.9,3144700
2021-12-06,20211206,0,66.8,67.4,66.6,67.2,2984600
2021-12-07,20211207,0,67.15,67.45,66.8,67.0,4940800
2021-12-08,20211208,0,67.4,67.4,66.95,67.1,3645100
2021-12-09,20211209,0,67.5,68.45,67.4,68.2,3156700
2021-12-10,20211210,0,67.6,68.1,67.3,67.5,2640400
2021-12-13,20211213,0,67.75,68.35,67.1,67.3,3690200
2021-12-14,20211214,0,67.55,67.7,66.95,67.35,2634600
2021-12-15,20211215,0,67.25,67.7,66.7,67.35,2918700
2021-12-16,20211216,0,66.9,67.7,66.85,67.7,3171700
2021-12-17,20211217,0,67.3,67.3,66.65,66.7,3003700
2021-12-20,20211220,0,66.45,66.7,65.35,66.0,3455600
2021-12-21,20211221,0,66.35,66.95,66.0,66.3,2109700
2021-12-22,20211222,0,66.15,66.45,65.75,66.35,1453100
2021-12-23,20211223,0,66.6,67.25,66.45,66.8,2155300
2021-12-24,20211224,0,67.2,67.9,67.0,67.9,1174300
2021-12-28,20211228,0,67.85,68.25,67.1,68.0,2163100
2021-12-29,20211229,0,68.1,68.6,67.85,67.95,2435300
2021-12-30,20211230,0,68.05,68.7,67.9,68.5,1949000
2021-12-31,20211231,0,68.8,69.0,68.2,68.65,1606100
2022-01-03,20220103,0,68.85,69.3,68.55,68.65,1359500
2022-01-04,20220104,0,69.2,70.1,68.6,69.3,5101200
2022-01-05,20220105,0,69.75,70.4,68.3,68.4,6264400
2022-01-06,20220106,0,68.5,68.5,67.25,67.9,3746000
2022-01-07,20220107,0,67.7,67.95,66.35,67.7,3140600
2022-01-10,20220110,0,67.8,68.1,67.35,67.95,2638900
2022-01-11,20220111,0,67.8,68.0,67.2,67.35,3147200
2022-01-12,20220112,0,67.35,67.9,67.1,67.1,4697400
2022-01-13,20220113,0,67.2,67.4,66.9,66.9,2863300
2022-01-14,20220114,0,66.5,67.65,66.5,67.2,3488500
2022-01-17,20220117,0,67.0,67.35,66.85,67.0,1849000
2022-01-18,20220118,0,67.0,67.25,66.9,67.0,2044400
2022-01-19,20220119,0,66.9,67.4,66.85,67.0,2144700
2022-01-20,20220120,0,67.5,68.3,66.95,68.15,4572300
2022-01-21,20220121,0,68.8,69.6,67.0,68.85,5710700
2022-01-24,20220124,0,68.5,69.6,68.15,68.6,3097300
2022-01-25,20220125,0,68.45,68.85,67.55,67.85,2980200
2022-01-26,20220126,0,68.85,68.95,67.95,68.0,2640100
2022-01-27,20220127,0,67.8,67.85,67.3,67.45,3646700
2022-01-28,20220128,0,68.05,68.05,66.8,66.85,4487300
2022-01-31,20220131,0,66.9,66.9,66.1,66.85,3467600
2022-02-04,20220204,0,67.1,67.5,66.5,67.1,4275700
2022-02-07,20220207,0,67.05,67.35,66.95,67.15,2947800
2022-02-08,20220208,0,67.5,68.25,67.2,67.65,3256100
2022-02-09,20220209,0,67.95,68.3,67.75,68.2,3914100
2022-02-10,20220210,0,68.5,68.8,67.8,68.15,4928100
2022-02-11,20220211,0,67.4,67.7,66.15,66.7,12638900
2022-02-14,20220214,0,66.7,66.95,66.3,66.55,4727900
2022-02-15,20220215,0,66.5,66.95,66.3,66.5,3744800
2022-02-16,20220216,0,66.8,66.85,66.4,66.6,2610100
2022-02-17,20220217,0,66.55,66.65,65.3,65.6,7956600
2022-02-18,20220218,0,65.4,66.15,65.2,65.95,4365200
2022-02-21,20220221,0,65.85,65.85,65.2,65.45,2933300
2022-02-22,20220222,0,65.25,65.65,64.3,64.6,4766000
2022-02-23,20220223,0,64.75,65.4,64.3,65.0,4167200
2022-02-24,20220224,0,64.6,64.65,63.6,63.6,6234600
2022-02-25,20220225,0,63.55,63.75,63.2,63.65,3974800
2022-02-28,20220228,0,63.45,63.5,62.55,63.1,4080700
2022-03-01,20220301,0,63.4,63.45,62.1,62.3,3810500
2022-03-02,20220302,0,62.2,62.25,61.55,61.7,3645300
2022-03-03,20220303,0,62.05,62.55,61.8,61.95,3886000
2022-03-04,20220304,0,61.1,61.5,60.3,60.95,4139200
2022-03-07,20220307,0,60.3,60.95,59.75,60.7,4764900
2022-03-08,20220308,0,60.6,63.2,60.6,62.4,5843300
2022-03-09,20220309,0,62.55,63.6,62.3,63.25,6697100
2022-03-10,20220310,0,63.55,64.25,63.05,63.65,4588900
2022-03-11,20220311,0,63.3,64.85,63.0,64.45,6313400
2022-03-14,20220314,0,64.0,64.9,63.3,64.1,5983300
2022-03-15,20220315,0,64.0,64.1,62.05,62.6,7078000
2022-03-16,20220316,0,63.4,63.65,62.5,62.9,5308800
2022-03-17,20220317,0,63.75,65.85,63.5,65.55,7955000
2022-03-18,20220318,0,65.35,66.7,65.3,65.35,5421300
2022-03-21,20220321,0,66.05,66.7,65.5,66.65,3889800
2022-03-22,20220322,0,66.7,67.7,66.7,67.2,5009200
2022-03-23,20220323,0,67.8,67.8,66.2,66.25,3377200
2022-03-24,20220324,0,66.0,66.65,64.2,66.5,4836800
2022-03-25,20220325,0,66.4,67.7,66.2,67.35,5204700
2022-03-28,20220328,0,67.4,67.4,66.25,67.2,2661900
2022-03-29,20220329,0,67.2,67.35,66.4,67.05,2924400
2022-03-30,20220330,0,67.75,68.0,67.25,67.5,4242700
2022-03-31,20220331,0,67.6,67.65,66.6,67.1,2308200
2022-04-01,20220401,0,67.0,67.7,66.9,67.65,2128300
2022-04-04,20220404,0,68.0,68.3,67.35,67.6,2824700
2022-04-06,20220406,0,68.0,68.1,66.75,67.75,3598100
2022-04-07,20220407,0,67.5,68.1,67.25,68.05,3767200
2022-04-08,20220408,0,68.0,69.1,67.65,68.75,6492200
2022-04-11,20220411,0,68.65,68.75,67.9,68.15,3642800
2022-04-12,20220412,0,68.0,68.1,67.2,67.4,2789300
2022-04-13,20220413,0,67.35,67.5,66.85,67.4,1793200
2022-04-14,20220414,0,67.6,68.0,67.3,67.6,2762900
2022-04-19,20220419,0,67.65,69.3,67.5,69.15,6709400
2022-04-20,20220420,0,68.55,68.9,67.95,68.15,4208800
2022-04-21,20220421,0,67.65,68.55,67.3,68.15,3300200
2022-04-22,20220422,0,67.9,68.45,67.4,68.0,2767500
2022-04-25,20220425,0,67.5,68.15,67.05,68.0,5562300
2022-04-26,20220426,0,68.35,68.45,67.7,68.05,4121600
2022-04-27,20220427,0,67.6,67.8,66.85,67.4,5054700
2022-04-28,20220428,0,67.4,68.1,67.1,67.9,3333400
2022-04-29,20220429,0,67.9,68.9,67.85,68.4,3792400
2022-05-03,20220503,0,68.1,68.1,66.8,67.4,3588300
2022-05-04,20220504,0,67.65,68.15,67.3,67.75,1784000
2022-05-05,20220505,0,67.55,68.35,67.05,67.2,2311000
2022-05-06,20220506,0,67.0,67.45,66.55,67.05,4549100
2022-05-10,20220510,0,66.45,66.75,64.9,66.35,6499000
2022-05-11,20220511,0,66.3,67.0,65.25,66.7,3397900
2022-05-12,20220512,0,66.5,67.0,66.2,66.55,3864000
2022-05-13,20220513,0,67.35,68.8,67.25,68.35,7401600
2022-05-16,20220516,0,68.8,68.9,67.7,68.25,2185000
2022-05-17,20220517,0,68.85,68.9,68.05,68.6,3967500
2022-05-18,20220518,0,68.75,69.0,68.15,68.6,3677700
2022-05-19,20220519,0,68.65,69.0,68.3,68.75,3045300
2022-05-20,20220520,0,69.3,70.6,68.95,70.3,5941600
2022-05-23,20220523,0,70.3,70.3,69.5,69.85,2410300
2022-05-24,20220524,0,70.1,70.15,69.1,69.5,1966600
2022-05-25,20220525,0,69.8,70.75,69.3,69.6,4224800
2022-05-26,20220526,0,70.2,70.5,69.55,70.0,2614600
2022-05-27,20220527,0,70.8,70.8,70.0,70.35,3234600
2022-05-30,20220530,0,71.0,71.65,70.7,71.25,5816400
2022-05-31,20220531,0,71.3,71.35,69.75,70.9,3889400
2022-06-01,20220601,0,71.7,71.7,70.75,71.1,4272900
2022-06-02,20220602,0,71.9,71.95,70.55,71.1,3751600
2022-06-06,20220606,0,71.05,71.85,70.25,71.8,4933100
2022-06-07,20220607,0,71.35,71.55,70.8,70.8,4375400
2022-06-08,20220608,0,70.85,70.9,70.0,70.3,4641400
2022-06-09,20220609,0,70.0,70.5,69.35,69.6,4457600
2022-06-10,20220610,0,69.55,69.65,68.95,69.25,5118000
2022-06-13,20220613,0,61.809,62.529,61.268,62.034,3948903
2022-06-14,20220614,0,61.989,61.989,61.538,61.628,3006096
2022-06-15,20220615,0,61.628,62.169,61.358,61.718,4582576
2022-06-16,20220616,0,66.85,66.9,64.8,65.15,6989300
2022-06-17,20220617,0,64.65,64.95,63.5,63.5,6811000
2022-06-20,20220620,0,63.1,64.15,63.05,63.5,3717200
2022-06-21,20220621,0,63.8,64.65,63.6,64.55,3848400
2022-06-22,20220622,0,64.6,65.2,63.35,63.5,5564900
2022-06-23,20220623,0,63.5,63.95,63.1,63.55,3015500
2022-06-24,20220624,0,63.4,63.9,63.25,63.9,3555400
2022-06-27,20220627,0,64.3,65.35,64.0,64.8,3976600
2022-06-28,20220628,0,64.8,65.65,64.6,65.15,4467800
2022-06-29,20220629,0,65.2,65.55,64.6,65.15,4090500
2022-06-30,20220630,0,65.05,65.35,64.05,64.15,4211500
2022-07-04,20220704,0,63.6,63.75,62.55,63.5,5672800
2022-07-05,20220705,0,64.05,64.5,63.6,63.75,3416200
2022-07-06,20220706,0,63.75,64.5,63.65,64.25,3637500
2022-07-07,20220707,0,63.85,65.1,63.85,64.75,2647700
2022-07-08,20220708,0,64.7,65.25,64.6,64.85,2766100
2022-07-11,20220711,0,64.75,64.85,63.9,63.9,2062200
2022-07-12,20220712,0,64.0,64.8,63.75,63.85,3708500
2022-07-13,20220713,0,64.5,65.0,64.2,65.0,4852700
2022-07-14,20220714,0,64.75,64.8,63.6,64.1,3880100
2022-07-15,20220715,0,64.45,64.65,63.75,63.95,2036100
2022-07-18,20220718,0,63.95,65.0,63.8,64.85,2601900
2022-07-19,20220719,0,64.3,64.55,63.85,64.2,1324700
2022-07-20,20220720,0,64.75,64.75,64.05,64.3,1843600
2022-07-21,20220721,0,63.9,64.2,63.2,63.35,3436700
2022-07-22,20220722,0,63.85,64.15,63.5,63.75,1268500
2022-07-25,20220725,0,63.6,64.55,63.25,64.4,2180800
2022-07-26,20220726,0,64.5,64.9,64.3,64.9,2292500
2022-07-27,20220727,0,64.6,64.85,63.9,64.55,1782800
2022-07-28,20220728,0,64.95,65.35,64.5,65.1,3198500
2022-07-29,20220729,0,65.4,66.95,65.15,65.7,4596900
2022-08-01,20220801,0,65.75,66.45,65.0,66.4,3663100
2022-08-02,20220802,0,65.6,65.65,64.35,65.0,2890700
2022-08-03,20220803,0,65.15,65.35,64.35,64.6,1969700
2022-08-04,20220804,0,65.0,65.65,64.7,65.5,1447700
2022-08-05,20220805,0,65.6,66.25,65.6,66.1,2314300
2022-08-08,20220808,0,66.15,66.4,65.55,66.05,826300
2022-08-09,20220809,0,66.0,66.45,65.3,65.35,2208000
2022-08-10,20220810,0,65.55,65.55,64.75,64.85,1883700
2022-08-11,20220811,0,65.95,66.2,65.25,66.15,2656800
2022-08-12,20220812,0,66.1,66.4,65.65,66.2,1390400
2022-08-15,20220815,0,66.25,66.5,65.6,65.85,1425000
2022-08-16,20220816,0,66.0,66.3,64.7,64.7,3384200
2022-08-17,20220817,0,64.9,65.45,64.5,64.9,2169700
2022-08-18,20220818,0,64.65,64.75,64.0,64.15,2729300
2022-08-19,20220819,0,64.0,64.0,63.1,63.1,3342900
2022-08-22,20220822,0,63.1,63.5,62.85,63.1,2521700
2022-08-23,20220823,0,62.75,62.95,61.6,61.8,5155600
2022-08-24,20220824,0,61.65,61.65,60.8,61.0,3026300
2022-08-25,20220825,0,64.05,64.05,60.65,61.6,2283500
2022-08-26,20220826,0,61.5,62.25,61.5,61.75,3172200
2022-08-29,20220829,0,61.4,61.85,61.1,61.55,1988800
2022-08-30,20220830,0,61.55,62.05,60.9,61.35,2134600
2022-08-31,20220831,0,60.9,61.4,60.8,60.85,3017300
2022-09-01,20220901,0,61.0,61.15,60.3,60.8,2825500
2022-09-02,20220902,0,60.9,62.25,60.8,61.85,3500900
2022-09-05,20220905,0,61.25,61.95,60.85,61.85,2378400
2022-09-06,20220906,0,62.0,62.05,61.65,61.75,1253900
2022-09-07,20220907,0,61.5,62.2,61.05,62.2,2625000
2022-09-08,20220908,0,62.05,62.6,61.8,62.05,2501200
2022-09-09,20220909,0,62.2,62.85,62.05,62.4,2942400
2022-09-13,20220913,0,62.3,63.4,61.8,62.85,3093300
2022-09-14,20220914,0,61.95,62.15,61.0,61.55,3337500
2022-09-15,20220915,0,61.2,61.4,60.85,61.1,2151000
2022-09-16,20220916,0,60.85,61.65,60.5,61.55,2983500
2022-09-19,20220919,0,61.85,62.7,61.6,62.1,3621300
2022-09-20,20220920,0,62.6,63.0,62.25,63.0,2426800
2022-09-21,20220921,0,62.95,62.95,61.8,61.9,3987600
2022-09-22,20220922,0,61.95,62.1,61.0,61.35,3421800
2022-09-23,20220923,0,61.35,61.5,60.2,60.95,4232100
2022-09-26,20220926,0,60.35,60.85,58.3,59.55,7681700
2022-09-27,20220927,0,59.25,59.3,56.55,56.7,9668600
2022-09-28,20220928,0,56.0,56.8,54.3,54.5,9168400
2022-09-29,20220929,0,55.5,56.25,54.0,54.2,5183500
2022-09-30,20220930,0,53.9,55.15,53.65,55.15,4163900
2022-10-03,20221003,0,54.15,54.9,53.85,54.85,2931300
2022-10-05,20221005,0,57.45,57.45,55.4,55.9,4396900
2022-10-06,20221006,0,55.7,55.7,54.75,54.9,3106100
2022-10-07,20221007,0,54.9,55.35,54.6,54.75,2821700
2022-10-10,20221010,0,53.65,54.4,53.1,53.25,2095300
2022-10-11,20221011,0,53.45,53.65,52.8,53.3,2831500
2022-10-12,20221012,0,53.45,53.6,52.25,52.3,3267700
2022-10-13,20221013,0,52.4,52.55,51.7,52.05,3602900
2022-10-14,20221014,0,52.55,53.4,51.35,51.55,3762400
2022-10-17,20221017,0,51.7,52.2,51.3,51.9,2125000
2022-10-18,20221018,0,51.9,52.7,51.5,52.6,2692900
2022-10-19,20221019,0,52.4,53.35,51.45,51.7,2528900
2022-10-20,20221020,0,51.55,52.0,50.7,50.95,2977300
2022-10-21,20221021,0,51.05,51.15,48.0,48.5,8511400
2022-10-24,20221024,0,48.05,48.7,47.3,47.75,7537800
2022-10-25,20221025,0,47.9,48.4,46.8,47.1,5783700
2022-10-26,20221026,0,47.2,48.65,47.15,48.0,4972400
2022-10-27,20221027,0,48.4,48.95,47.75,47.9,3645900
2022-10-28,20221028,0,48.4,49.9,48.05,48.25,5349700
2022-10-31,20221031,0,48.3,48.35,46.3,46.35,5639600
2022-11-01,20221101,0,46.75,48.05,46.55,47.9,7593700
2022-11-02,20221102,0,48.0,49.9,47.65,49.3,5769300
2022-11-03,20221103,0,48.95,49.3,48.45,48.85,3352200
2022-11-04,20221104,0,48.95,50.3,48.7,49.8,4991300
2022-11-07,20221107,0,49.8,52.4,49.25,51.8,8961400
2022-11-08,20221108,0,51.7,52.0,50.6,51.8,5618200
2022-11-09,20221109,0,52.0,52.75,49.55,49.55,6895600
2022-11-10,20221110,0,49.7,51.45,49.35,51.05,4114600
2022-11-11,20221111,0,54.9,55.35,54.05,54.5,9439800
2022-11-14,20221114,0,51.842,52.992,50.462,50.508,12577136
2022-11-15,20221115,0,51.336,52.302,51.244,52.026,5596544
2022-11-16,20221116,0,51.934,52.532,51.428,51.52,6572572
2022-11-17,20221117,0,51.198,51.658,51.014,51.336,3601524
2022-11-18,20221118,0,51.382,51.428,50.048,50.692,4039536
2022-11-21,20221121,0,53.0,53.6,52.9,53.15,2463100
2022-11-22,20221122,0,53.35,53.5,52.5,53.2,2667100
2022-11-23,20221123,0,53.1,53.1,50.0,50.55,10620500
2022-11-24,20221124,0,50.9,51.65,50.8,51.65,5142200
2022-11-25,20221125,0,51.8,52.0,51.15,51.75,2904900
2022-11-28,20221128,0,50.6,51.05,49.45,50.85,7543700
2022-11-29,20221129,0,51.8,52.9,51.7,52.75,6991000
2022-11-30,20221130,0,52.55,53.0,52.15,52.7,3232400
2022-12-01,20221201,0,53.4,54.5,53.1,53.4,8238800
2022-12-02,20221202,0,53.95,53.95,52.0,52.25,4176000
2022-12-05,20221205,0,52.45,53.5,52.25,52.75,4140600
2022-12-06,20221206,0,52.8,53.2,52.2,53.0,4008600
2022-12-07,20221207,0,53.2,53.75,52.6,52.6,4077300
2022-12-08,20221208,0,52.7,55.05,52.3,54.45,7311400
2022-12-09,20221209,0,54.55,56.45,54.5,55.3,12855300
2022-12-12,20221212,0,55.3,55.75,54.8,55.25,6155300
2022-12-13,20221213,0,55.5,57.85,55.05,57.8,10056400
2022-12-14,20221214,0,58.0,58.7,57.0,57.05,7950300
2022-12-15,20221215,0,57.2,57.3,55.55,55.65,6783000
2022-12-16,20221216,0,55.8,55.85,54.85,55.55,4067600
2022-12-19,20221219,0,55.45,56.05,55.1,55.35,2163400
2022-12-20,20221220,0,55.0,55.2,54.25,55.0,3965300
2022-12-21,20221221,0,55.05,55.3,54.7,55.25,2015500
2022-12-22,20221222,0,55.8,56.55,55.75,56.45,4309100
2022-12-23,20221223,0,55.8,56.3,55.35,56.2,2024200
2022-12-28,20221228,0,56.7,57.35,56.35,56.55,3817500
2022-12-29,20221229,0,56.65,57.3,56.35,56.65,3890800
2022-12-30,20221230,0,57.4,57.6,57.0,57.25,2202200
2023-01-03,20230103,0,57.2,58.8,56.25,58.05,5603100
2023-01-04,20230104,0,58.65,60.25,58.45,60.0,8460000
2023-01-05,20230105,0,60.35,61.2,59.7,60.9,8645900
2023-01-06,20230106,0,60.95,60.95,58.8,59.15,5072600
2023-01-09,20230109,0,59.8,60.0,58.45,59.25,5997600
2023-01-10,20230110,0,59.5,60.4,59.3,60.0,6372800
2023-01-11,20230111,0,59.85,60.4,59.4,59.7,5485500
2023-01-12,20230112,0,60.3,61.45,60.1,61.2,6243800
2023-01-13,20230113,0,61.45,62.3,60.95,61.5,2786700
2023-01-16,20230116,0,62.0,63.5,61.5,63.15,7149400
2023-01-17,20230117,0,62.85,62.95,61.8,62.95,4526200
2023-01-18,20230118,0,63.05,63.3,62.35,62.5,2483900
2023-01-19,20230119,0,62.25,63.55,62.25,63.4,3367400
2023-01-20,20230120,0,63.5,63.75,63.05,63.5,3356300
2023-01-26,20230126,0,64.4,64.5,63.65,63.75,3882700
2023-01-27,20230127,0,63.8,64.65,63.65,64.1,3244000
2023-01-30,20230130,0,64.15,64.95,64.1,64.15,4381300
2023-01-31,20230131,0,64.5,64.55,62.4,62.75,5583700
2023-02-01,20230201,0,63.2,63.35,62.0,62.8,3276000
2023-02-02,20230202,0,63.5,64.85,63.2,64.3,5418600
2023-02-03,20230203,0,64.3,64.85,64.05,64.65,3625900
2023-02-06,20230206,0,64.4,64.4,62.55,62.85,4028700
2023-02-07,20230207,0,63.05,63.35,62.4,62.65,1936000
2023-02-08,20230208,0,62.85,63.6,62.65,63.55,2860700
2023-02-09,20230209,0,62.9,63.0,62.3,62.8,2623600
2023-02-13,20230213,0,53.35,55.8,52.5,54.75,44680400
2023-02-14,20230214,0,55.25,55.3,53.4,54.1,16088300
2023-02-15,20230215,0,53.8,54.45,53.6,53.75,10071300
2023-02-16,20230216,0,54.1,54.65,53.6,53.85,11512100
2023-02-17,20230217,0,53.6,54.1,53.0,53.05,8692900
2023-02-20,20230220,0,50.38,50.475,49.433,49.623,9113739
2023-02-21,20230221,0,49.433,50.002,49.339,49.954,7190855
2023-02-22,20230222,0,50.002,50.807,49.765,50.428,8048553
2023-02-23,20230223,0,50.38,51.28,50.238,50.522,8184163
2023-02-24,20230224,0,51.55,51.55,49.4,50.15,14990500
2023-02-27,20230227,0,50.1,51.3,50.05,51.05,6875700
2023-02-28,20230228,0,51.3,51.8,51.3,51.45,5951400
2023-03-01,20230301,0,51.6,51.95,50.8,51.95,7051800
2023-03-02,20230302,0,51.65,51.8,50.9,51.05,3473500
2023-03-03,20230303,0,51.15,51.45,50.6,50.7,6225800
2023-03-06,20230306,0,50.6,51.05,50.3,50.9,6178300
2023-03-07,20230307,0,50.7,50.95,49.65,49.85,9256800
2023-03-08,20230308,0,49.55,49.55,48.25,48.75,10471200
2023-03-09,20230309,0,48.75,48.75,47.65,48.0,11628400
2023-03-10,20230310,0,47.5,48.15,47.15,47.4,12061200
2023-03-13,20230313,0,47.8,48.85,47.2,48.7,17766100
2023-03-14,20230314,0,48.5,49.3,48.0,48.65,13245000
2023-03-15,20230315,0,48.8,48.85,47.7,48.5,13070900
2023-03-16,20230316,0,48.05,50.0,47.6,49.8,14208400
2023-03-17,20230317,0,49.85,51.15,49.8,50.3,7725700
2023-03-20,20230320,0,50.0,50.7,49.35,49.5,7985800
2023-03-21,20230321,0,49.8,50.35,49.1,49.5,6860600
2023-03-22,20230322,0,49.45,50.3,49.15,50.0,7079500
2023-03-23,20230323,0,49.95,50.15,49.25,50.15,5337800
2023-03-24,20230324,0,50.0,50.3,49.7,50.1,3488400
2023-03-27,20230327,0,50.2,51.0,50.0,50.55,5854500
2023-03-28,20230328,0,50.5,50.5,49.35,49.9,6788900
2023-03-29,20230329,0,50.3,50.75,49.6,49.7,8263500
2023-03-30,20230330,0,49.75,50.6,49.45,50.4,8225500
2023-03-31,20230331,0,50.8,51.1,50.25,50.5,7471400
2023-04-03,20230403,0,50.45,51.45,50.4,50.85,8148800
2023-04-04,20230404,0,50.9,50.9,50.2,50.55,5428200
2023-04-06,20230406,0,50.65,51.35,50.5,50.75,3569400
2023-04-11,20230411,0,51.4,51.7,50.85,50.95,5685000
2023-04-12,20230412,0,51.3,51.7,51.05,51.5,4269800
2023-04-13,20230413,0,51.05,51.5,50.6,51.4,3583000
2023-04-14,20230414,0,51.45,51.5,50.9,51.25,2843400
2023-04-17,20230417,0,51.45,51.55,50.8,51.55,5047200
2023-04-18,20230418,0,51.6,51.8,51.2,51.65,4247500
2023-04-19,20230419,0,51.95,51.95,50.95,51.3,5666700
2023-04-20,20230420,0,51.2,51.2,50.45,50.65,5515100
2023-04-21,20230421,0,50.55,51.05,50.3,50.45,3960400
2023-04-24,20230424,0,50.45,50.95,50.25,50.3,6209900
2023-04-25,20230425,0,50.3,50.4,49.4,50.0,6027500
2023-04-26,20230426,0,50.0,51.1,49.95,50.65,6021700
2023-04-27,20230427,0,50.55,51.2,50.45,50.9,3239700
2023-04-28,20230428,0,51.0,51.45,51.0,51.25,3619800
2023-05-02,20230502,0,51.4,51.8,50.6,50.85,5516500
2023-05-03,20230503,0,50.4,50.8,50.2,50.7,3297400
2023-05-04,20230504,0,50.65,51.4,50.65,51.25,3953100
2023-05-05,20230505,0,51.4,51.75,51.2,51.45,3109600
2023-05-08,20230508,0,51.8,52.35,51.55,52.0,4003500
2023-05-09,20230509,0,52.05,52.4,50.65,50.7,6359200
2023-05-10,20230510,0,50.65,50.9,50.2,50.3,3453500
2023-05-11,20230511,0,50.25,50.6,49.65,50.1,5608900
2023-05-12,20230512,0,50.0,50.1,49.3,49.45,4539700
2023-05-15,20230515,0,49.5,50.75,49.45,50.5,3522800
2023-05-16,20230516,0,50.95,51.0,50.4,50.65,1915900
2023-05-17,20230517,0,50.6,50.9,49.7,49.9,4689000
2023-05-18,20230518,0,50.1,50.8,49.55,49.8,4614400
2023-05-19,20230519,0,49.7,50.05,49.35,49.6,3376000
2023-05-22,20230522,0,49.6,50.0,49.4,49.45,3242100
2023-05-23,20230523,0,49.45,49.55,49.1,49.3,3226600
2023-05-24,20230524,0,48.95,49.4,48.8,49.05,2396300
2023-05-25,20230525,0,48.75,48.95,48.25,48.45,3085400
2023-05-29,20230529,0,48.2,48.55,47.45,47.6,5211500
2023-05-30,20230530,0,47.7,48.0,46.8,47.25,4725400
2023-05-31,20230531,0,47.2,47.65,44.35,45.75,13705000
2023-06-01,20230601,0,45.6,46.85,45.2,45.75,10543100
2023-06-02,20230602,0,46.0,47.4,45.95,46.95,4865000
2023-06-05,20230605,0,46.85,48.3,46.5,47.95,4177300
2023-06-06,20230606,0,47.8,47.85,47.3,47.5,3427700
2023-06-07,20230607,0,47.65,48.1,47.25,47.4,2888800
2023-06-08,20230608,0,47.1,47.5,46.15,46.7,7496200
2023-06-09,20230609,0,46.8,47.65,46.8,47.25,4034700
2023-06-12,20230612,0,46.166,46.361,45.874,46.312,2978430
2023-06-13,20230613,0,46.069,46.41,45.825,46.069,3599798
2023-06-14,20230614,0,46.02,46.166,45.386,45.581,4928820
2023-06-15,20230615,0,45.9,46.35,45.2,45.4,6434900
2023-06-16,20230616,0,45.5,47.0,45.5,46.25,6994800
2023-06-19,20230619,0,46.35,46.7,45.85,46.25,2983200
2023-06-20,20230620,0,46.4,46.4,45.6,46.15,2856500
2023-06-21,20230621,0,45.7,45.75,45.2,45.3,4254500
2023-06-23,20230623,0,45.0,45.1,44.0,44.3,8011400
2023-06-26,20230626,0,44.25,44.35,43.6,43.85,4937400
2023-06-27,20230627,0,43.65,44.2,43.65,43.9,2529600
2023-06-28,20230628,0,43.9,44.3,43.7,44.1,2115600
2023-06-29,20230629,0,44.2,44.4,43.55,43.7,3626600
2023-06-30,20230630,0,43.35,44.15,43.35,43.6,3567600
2023-07-03,20230703,0,43.65,44.2,43.65,44.15,3046100
2023-07-04,20230704,0,43.95,44.5,43.95,44.35,2312400
2023-07-05,20230705,0,44.25,44.35,43.7,43.75,3398800
2023-07-06,20230706,0,43.65,43.9,42.95,43.25,6762500
2023-07-07,20230707,0,43.0,43.1,41.85,41.95,7311600
2023-07-10,20230710,0,42.25,42.35,41.9,42.05,3208400
2023-07-11,20230711,0,42.3,42.45,41.95,42.3,3248400
2023-07-12,20230712,0,42.7,43.3,42.3,42.5,3706000
2023-07-13,20230713,0,43.35,43.8,43.05,43.6,5915900
2023-07-14,20230714,0,43.65,44.05,43.6,43.85,5311000
2023-07-18,20230718,0,43.9,44.0,42.85,43.15,2678100
2023-07-19,20230719,0,42.75,43.15,42.55,43.1,2444700
2023-07-20,20230720,0,43.15,44.3,43.15,43.95,4458300
2023-07-21,20230721,0,43.95,44.3,43.7,44.0,2414800
2023-07-24,20230724,0,43.65,43.7,42.55,43.0,3523200
2023-07-25,20230725,0,43.65,44.05,43.35,43.8,3380100
2023-07-26,20230726,0,44.0,44.2,43.8,44.05,2887700
2023-07-27,20230727,0,44.3,45.0,43.95,44.85,4330400
2023-07-28,20230728,0,44.5,44.9,44.05,44.15,5232800
2023-07-31,20230731,0,43.95,44.15,43.15,43.7,7265900
2023-08-01,20230801,0,44.0,44.0,43.0,43.15,4136200
2023-08-02,20230802,0,43.15,43.2,42.25,42.6,5264000
2023-08-03,20230803,0,42.5,42.7,42.15,42.4,4381400
2023-08-04,20230804,0,42.5,42.9,41.95,42.05,4545000
2023-08-07,20230807,0,42.05,42.65,42.0,42.35,2162100
2023-08-08,20230808,0,42.3,42.35,41.45,41.8,3618500
2023-08-09,20230809,0,41.5,41.55,40.8,41.3,6054300
2023-08-10,20230810,0,40.9,40.9,40.1,40.55,8000100
2023-08-11,20230811,0,40.35,40.5,39.65,39.8,10255600
2023-08-14,20230814,0,39.05,39.2,37.65,38.3,13488500
2023-08-15,20230815,0,38.15,38.8,37.85,38.6,7316700
2023-08-16,20230816,0,38.2,39.2,38.05,39.1,6672900
2023-08-17,20230817,0,38.5,39.6,38.1,39.25,7164600
2023-08-18,20230818,0,39.0,39.0,38.2,38.3,6741200
2023-08-21,20230821,0,38.3,38.65,37.9,38.0,5301900
2023-08-22,20230822,0,37.8,37.9,37.5,37.65,3208800
2023-08-23,20230823,0,37.6,37.7,37.15,37.35,3856700
2023-08-24,20230824,0,37.65,38.9,37.55,38.75,5483600
2023-08-25,20230825,0,38.55,38.95,38.5,38.65,2344200
2023-08-28,20230828,0,39.1,39.4,38.05,38.1,2642200
2023-08-29,20230829,0,38.2,38.7,38.15,38.7,3843500
2023-08-30,20230830,0,38.7,39.75,38.7,39.55,5769400
2023-08-31,20230831,0,39.6,39.75,38.75,38.8,4151400
